agent_id,faction,persona,champion,top3,confidence,reason,source_file
data_01_1,数据派,前德甲xG数据分析师,西班牙,西班牙|法国|英格兰,78,西班牙自2024年3月以来保持不败，FIFA世界排名第1，2024欧洲杯冠军，亚马尔2.33亿欧领衔的xG数据统治力被赔率低估。,wc2026_aggregation.json
data_01_2,数据派,Transfermarkt身价编辑,法国,法国|西班牙|葡萄牙,65,法国总身价14.8亿欧全球最高，姆巴佩2亿欧领衔6名超1亿球员，纸面实力碾压任何对手。,wc2026_aggregation.json
data_01_3,数据派,Elo评级系统维护者,阿根廷,阿根廷|法国|西班牙,72,阿根廷历史Elo等级分深厚，2022冠军班底核心保留，大赛淘汰赛经验 invaluable。,wc2026_aggregation.json
data_02_1,数据派,英超Opta分析师,西班牙,西班牙|法国|英格兰,78,西班牙进攻三区传球成功率欧洲最高，亚马尔+佩德里+祖比门迪的技术三角在高压下控球稳定性最佳。,wc2026_aggregation.json
data_02_2,数据派,前巴萨体育科学主管,英格兰,英格兰|法国|葡萄牙,70,英格兰13.1亿欧阵容拥有最深的轮换厚度，贝林厄姆+赖斯双核能支撑7场高强度比赛。,wc2026_aggregation.json
data_02_3,数据派,独立数据博主,挪威,挪威|西班牙|阿根廷,35,哈兰德2.33亿欧本赛季状态火热，厄德高伤愈回归，挪威预选双杀意大利证明防守硬度。,wc2026_aggregation.json
data_03_1,数据派,法国数据公司分析师,法国,法国|西班牙|英格兰,72,法国欧国联和预选赛表现稳定，德尚谢幕战13名新人带来额外动力，1.48亿欧阵容容错率最高。,wc2026_aggregation.json
data_03_2,数据派,前FIFA技术观察员,西班牙,西班牙|法国|阿根廷,78,西班牙传球网络完成率与战术执行力在所有强队中最稳定，FIFA排名第1实至名归。,wc2026_aggregation.json
data_03_3,数据派,德国数据极客,德国,德国|巴西|葡萄牙,65,德国定位球转化率在纳格尔斯曼体系下显著提升，穆西亚拉+维尔茨双核E组几乎零消耗。,wc2026_aggregation.json
data_04_1,数据派,南美数据分析师,阿根廷,阿根廷|巴西|法国,68,阿根廷解放者杯国脚在MLS和南美保持竞技状态，梅西出场管理科学，阿尔瓦雷斯1.05亿欧效率极高。,wc2026_aggregation.json
data_04_2,数据派,北欧数据顾问,法国,法国|西班牙|挪威,72,法国非洲裔球员占比高，对美国夏季湿热气候适应性优于北欧球员，德尚最后一届战意加成。,wc2026_aggregation.json
data_04_3,数据派,亚洲数据研究员,西班牙,西班牙|阿根廷|日本,65,日本三笘薰缺席削弱边路，西班牙阵容深度最佳，且亚马尔腿筋伤势恢复乐观。,wc2026_aggregation.json
data_05_1,数据派,前EA Sports数据师,法国,法国|英格兰|西班牙,72,FIFA游戏综合能力值法国平均最高，姆巴佩91总评领衔，纸面能力值 translate 到真实胜率约19.2%。,data_05_predictions.json
data_05_2,数据派,意大利足球记者,西班牙,西班牙|法国|葡萄牙,78,西班牙自2024年3月不败的防守组织力被赔率低估，零封率在欧洲杯期间高达67%。,data_05_predictions.json
data_05_3,数据派,美国大学体育教授,英格兰,英格兰|西班牙|德国,63,XGBoost四维度模型算出英格兰夺冠概率18.7%，被赔率13.3%低估，图赫尔效应未充分定价。,data_05_predictions.json
data_06_1,数据派,英超数据创始人,英格兰,英格兰|法国|西班牙,55,本赛季英超射手榜英格兰国脚大幅领先，联赛进球转化率28%优于其他联赛。,wc2026_aggregation.json
data_06_2,数据派,前皇马球探数据师,法国,法国|巴西|西班牙,60,姆巴佩+登贝莱1对1突破成功率欧洲前三，法国个体能力在淘汰赛单点爆破中价值最高。,wc2026_aggregation.json
data_06_3,数据派,荷兰统计学家,西班牙,西班牙|荷兰|阿根廷,58,西班牙控球率67%场均且阵型切换最灵活，4-3-3与4-2-3-1无缝切换，战术数据最全面。,wc2026_aggregation.json
data_07_1,数据派,葡萄牙数据分析师,葡萄牙,葡萄牙|西班牙|法国,72,维蒂尼亚+内维斯双核驱动攻防转换效率欧洲前三，C罗第六次参赛领导力加成难以量化。,wc2026_aggregation.json
data_07_2,数据派,巴西数据博主,阿根廷,阿根廷|法国|巴西,65,巴西国脚欧冠累计出场时间比阿根廷多近4000分钟，米利唐+罗德里戈伤缺防线转换率骤降。,wc2026_aggregation.json
data_07_3,数据派,比利时记者,西班牙,西班牙|德国|葡萄牙,78,西班牙世代传承数据最平滑，亚马尔领衔的新生代无缝交接，比利时黄金一代断层反衬其规划科学性。,wc2026_aggregation.json
data_08_1,数据派,日本数据分析师,法国,法国|西班牙|阿根廷,72,法国I组对手历史交锋xG均被碾压，淘汰赛路径最顺畅，14.8亿欧身价确保容错率。,wc2026_aggregation.json
data_08_2,数据派,前FIFA技术分析师,西班牙,西班牙|德国|法国,78,西班牙中场控制力FIFA排名第1，佩德里+祖比门迪控制指数在欧洲杯期间领先第二名15%。,wc2026_aggregation.json
data_08_3,数据派,阿根廷统计员,阿根廷,阿根廷|英格兰|葡萄牙,65,阿尔瓦雷斯+恩佐各1.05亿欧组成无梅西双核，数据显示阿根廷已降低梅西依赖度。,wc2026_aggregation.json
data_09_1,数据派,德转网站编辑,西班牙,西班牙|法国|阿根廷,78,西班牙近6场热身赛全胜且零封4场，H组签运极佳可从容轮换，亚马尔恢复进展良好。,wc2026_aggregation.json
data_09_2,数据派,美国数据科学家,法国,法国|英格兰|西班牙,72,神经网络模拟显示法国淘汰赛晋级概率27.3%，德尚谢幕战更衣室凝聚力达峰值。,wc2026_aggregation.json
data_09_3,数据派,法国数据顾问,阿根廷,阿根廷|西班牙|挪威,65,梅西38岁仅出场1820分钟体能储备充足，巴西伤缺使阿根廷半区压力骤减。,wc2026_aggregation.json
data_10_1,数据派,西班牙数据分析师,西班牙,西班牙|法国|英格兰,82,西班牙传球成功率92%+高位压迫夺回球权场均12.3次，传控体系FIFA排名第1无可撼动。,wc2026_aggregation.json
data_10_2,数据派,英格兰足球博主,英格兰,英格兰|西班牙|法国,68,英格兰头球争顶成功率+身体对抗数据冠绝欧洲，图赫尔将最大化高空优势。,wc2026_aggregation.json
data_10_3,数据派,数据聚合平台创始人,法国,法国|西班牙|阿根廷,71,综合FIFA+俱乐部+国家队多维度数据，法国个体能力值在所有维度中最均衡。,wc2026_aggregation.json
odds_01_1,赔率派,拉斯维加斯博彩顾问,西班牙,西班牙|法国|英格兰,80,市场有效假说下西班牙+500赔率隐含16.7%已充分定价所有信息，跟随市场共识收益最大。,wc2026_aggregation.json
odds_01_2,赔率派,伦敦博彩交易员,英格兰,英格兰|西班牙|阿根廷,55,法国+550被大额资金压低至与FIFA第11排名背离，属于典型过热盘；英格兰+650持续收敛有value。,wc2026_aggregation.json
odds_01_3,赔率派,亚洲盘口分析师,阿根廷,阿根廷|英格兰|西班牙,65,阿根廷J组让球盘深度远超+850赔率对应的战力差，卫冕冠军淘汰赛对位极佳。,wc2026_aggregation.json
odds_02_1,赔率派,澳门退休分析师,西班牙,西班牙|法国|英格兰,75,庄家给西班牙+500最低赔率，精算师团队综合亚马尔伤势和欧洲杯冠军后的定价，四十年从未看走眼。,wc2026_aggregation.json
odds_02_2,赔率派,欧洲交易所交易员,法国,法国|西班牙|葡萄牙,68,大额投注从巴西阿根廷流向法国，格里兹曼退出制造恐慌性高估，法国14.8亿欧身价被低估。,wc2026_aggregation.json
odds_02_3,赔率派,博彩数学博士,葡萄牙,葡萄牙|西班牙|法国,55,凯利公式显示葡萄牙+1100隐含8.3%，模型估计真实概率11.5%，维蒂尼亚+内维斯双核被系统性低估。,wc2026_aggregation.json
odds_03_1,赔率派,澳洲博彩前总监,阿根廷,阿根廷|巴西|法国,68,阿根廷+850隐含10.5%远低于西班牙16.7%，南美球队北美时区适应性极强，赔率明显低估卫冕概率。,wc2026_aggregation.json
odds_03_2,赔率派,北欧博彩顾问,挪威,挪威|葡萄牙|德国,35,挪威+3000隐含仅3.2%，但哈兰德2.33亿欧状态火热，北欧球员适应北美温带气候，回报风险比极具吸引力。,wc2026_aggregation.json
odds_03_3,赔率派,美国博彩推动者,美国,美国|墨西哥|西班牙,30,美国+6500隐含1.5%被严重低估，所有小组赛本土进行，北美首次联合办赛主场氛围决定性。,wc2026_aggregation.json
odds_04_1,赔率派,加密博彩平台创始人,法国,法国|西班牙|英格兰,65,Polymarket显示法国真实胜率接近17%，高于传统博彩+550隐含15.4%，去中心化市场存在定价偏差。,wc2026_aggregation.json
odds_04_2,赔率派,前博彩风控主管,西班牙,西班牙|法国|阿根廷,72,西班牙+500是风控驱动的保守定价，投注集中度最高迫使庄家锁死利润，这是最输不起的队伍。,wc2026_aggregation.json
odds_04_3,赔率派,南美博彩分析师,阿根廷,阿根廷|巴西|法国,58,南美本土公司将阿根廷从+850压至+700，与巴西+800倒挂，本土资金大量涌向卫冕冠军。,wc2026_aggregation.json
odds_05_1,赔率派,香港赛马会经理,法国,法国|西班牙|英格兰,68,凯利公式显示法国+550隐含15.4%远低于14.8亿欧身价对应的理论胜率，数学模型明确指向法国。,wc2026_aggregation.json
odds_05_2,赔率派,德国博彩评论家,西班牙,西班牙|德国|法国,75,EU合规市场资金流向显示西班牙+500被持续买入，多家机构同步下调；德国+1400被严重低估。,wc2026_aggregation.json
odds_05_3,赔率派,中东博彩顾问,葡萄牙,葡萄牙|法国|摩洛哥,52,中东投注数据显示C罗第六次参赛引发阿拉伯资本大量涌入葡萄牙，+1100高赔率具备正期望值。,wc2026_aggregation.json
odds_06_1,赔率派,日本博彩分析师,巴西,巴西|西班牙|阿根廷,58,东京投注站巴西占总注额35%，远高于欧洲平均18%，但欧洲庄家+800更客观，价值在跟欧洲市场。,wc2026_aggregation.json
odds_06_2,赔率派,前Pinnacle交易员,西班牙,西班牙|法国|英格兰,72,Pinnacle的西班牙+500已price in亚马尔伤势风险，精锐市场从不给免费午餐。,wc2026_aggregation.json
odds_06_3,赔率派,非洲博彩顾问,摩洛哥,摩洛哥|法国|葡萄牙,45,摩洛哥FIFA第7却+5000隐含仅2%，2022四强+2025 U20世冠+非洲杯冠军，非洲球队北美时区无时差劣势。,wc2026_aggregation.json
odds_07_1,赔率派,加拿大博彩评论员,阿根廷,阿根廷|西班牙|法国,72,梅西在北美踢球形成环境适应优势，东道主效应让阿根廷球迷占据球场多数，+850有价值。,odds_07_predictions.json
odds_07_2,赔率派,爱尔兰博彩家族第三代,德国,德国|西班牙|法国,65,西班牙+500和法国+550是赔率陷阱，德国Group E零压力晋级路径被+1400严重低估。,odds_07_predictions.json
odds_07_3,赔率派,东欧博彩资深人士,阿根廷,阿根廷|法国|德国,78,阿根廷Group J综合威胁最低，淘汰赛半区避开死亡半区，+850未反映路径溢价。,odds_07_predictions.json
odds_08_1,赔率派,东南亚博彩顾问,法国,法国|西班牙|巴西,72,亚洲大额投注涌入法国+550，中国彩民追姆巴佩热度超亚马尔3倍，法国受注量是西班牙1.8倍。,wc2026_aggregation.json
odds_08_2,赔率派,退休威廉希尔首席,西班牙,西班牙|法国|英格兰,68,四十年交易生涯，西班牙+500虽热但合理：2024欧洲杯冠军且24个月不败，亚马尔232M领衔。,wc2026_aggregation.json
odds_08_3,赔率派,巴西博彩网站创始人,巴西,巴西|阿根廷|法国,65,平台巴西投注占总流水47%，本土彩民用真金白银投票，维尼修斯174M+安切洛蒂执教。,wc2026_aggregation.json
odds_09_1,赔率派,博彩播客主持人,法国,法国|西班牙|阿根廷,72,西班牙+500被公众狂热追捧压缩价值，sharp听众都在押法国+550，格里兹曼退出制造恐慌性高估。,wc2026_aggregation.json
odds_09_2,赔率派,前贝塔斯曼数据师,西班牙,西班牙|法国|葡萄牙,68,算法模型显示西班牙+500隐含16.7%仍低于真实胜率19.2%，存在3%正期望值。,wc2026_aggregation.json
odds_09_3,赔率派,印度博彩分析师,葡萄牙,葡萄牙|西班牙|法国,55,亚洲市场对葡萄牙情报反应滞后，欧洲已将+1100压至+1000，印度仍有+1150，存在套利价值。,wc2026_aggregation.json
odds_10_1,赔率派,法国博彩监管前官员,西班牙,西班牙|法国|英格兰,75,相信规范市场透明度，西班牙+500隐含16.7%是数万笔真实交易的结晶。,odds_10_predictions.json
odds_10_2,赔率派,加勒比海度假村顾问,巴西,巴西|阿根廷|法国,55,感受度假地实时投注情绪，巴西+800在拉美游客中投注单堆积如山。,odds_10_predictions.json
odds_10_3,赔率派,新西兰数学讲师,英格兰,英格兰|西班牙|法国,68,概率论分析，英格兰+650去除3.5%抽水后存在正期望值偏差。,odds_10_predictions.json
fan_01_1,老球迷派,58岁意大利老球迷,法国,法国|阿根廷|西班牙,65,德尚2018年用意大利式防守反击夺冠，和1982罗西、2006卡纳瓦罗一脉相承。14.8亿欧世界第一，姆巴佩反击致命。,wc2026_aggregation.json
fan_01_2,老球迷派,62岁德国退休工人,德国,德国|法国|巴西,55,1990布雷默点球、2014格策绝杀，我都在慕尼黑广场见证。穆西亚拉维尔茨双核，2022耻辱必须洗刷。,wc2026_aggregation.json
fan_01_3,老球迷派,55岁巴西咖啡馆老板,巴西,巴西|阿根廷|法国,60,2002罗纳尔多捧起第五颗星，整条街跳桑巴。维尼修斯1.74亿欧新头牌，等24年该绣第六颗了。,wc2026_aggregation.json
fan_02_1,老球迷派,60岁英格兰退休邮递员,英格兰,英格兰|法国|西班牙,75,1966年刚出生，这辈子等足球回家。贝林厄姆1.63亿欧，L组仅克罗地亚一支劲旅。,fan_02_predictions.json
fan_02_2,老球迷派,57岁阿根廷屠夫,阿根廷,阿根廷|巴西|法国,72,见证马拉多纳86和梅西22，蓝白传承。FIFA第2，38岁梅西被精心管理，最后一舞。,fan_02_predictions.json
fan_02_3,老球迷派,63岁法国退休教师,法国,法国|西班牙|阿根廷,80,见证1998和2018，高卢雄鸡。姆巴佩2亿欧领衔14.8亿欧阵容，德尚最后一届全力以赴。,fan_02_predictions.json
fan_03_1,老球迷派,59岁乌拉圭老农民,乌拉圭,乌拉圭|阿根廷|西班牙,30,1950马拉卡纳父亲见证天蓝军团踩碎巴西冠军梦，七十六年轮回。H组出线后轻装上阵，民族血性不在乎排名。,wc2026_aggregation.json
fan_03_2,老球迷派,61岁荷兰郁金香农场主,荷兰,荷兰|西班牙|法国,52,1974克鲁伊夫、2010斯内德，三代全攻全守流尽泪。格拉芬贝赫1.05亿欧领衔，F组能从容练级。,wc2026_aggregation.json
fan_03_3,老球迷派,56岁西班牙酒吧老板,西班牙,西班牙|法国|阿根廷,78,2010约翰内斯堡之夜我在马德里哭到天亮。如今FIFA第1，24个月不败，亚马尔2.33亿欧接棒哈白布。,wc2026_aggregation.json
fan_04_1,老球迷派,64岁葡萄牙退休海员,葡萄牙,葡萄牙|法国|阿根廷,72,C罗41岁第六次出征创历史，葡萄牙FIFA第4且9.57亿欧身价位列前五，航海家精神不灭。,wc2026_aggregation.json
fan_04_2,老球迷派,58岁乌克兰老球迷,德国,德国|法国|荷兰,58,穆西亚拉和维尔茨双核驱动9.98亿欧阵容，德式纪律足球延续社会主义集体美学传统。,wc2026_aggregation.json
fan_04_3,老球迷派,60岁苏格兰酿酒师,荷兰,荷兰|阿根廷|葡萄牙,45,1978决赛饮恨至今刻骨铭心，全攻全守火种从未熄灭，荷兰8.37亿欧FIFA第6，+2000是最大价值黑马注。,wc2026_aggregation.json
fan_05_1,老球迷派,57岁墨西哥玉米农,墨西哥,墨西哥|阿根廷|巴西,35,1986年17岁在阿兹特克见证墨西哥借高原主场杀进八强，这届所有小组赛都在家门口，+7500说明全世界低估东道主。,fan_05_predictions.json
fan_05_2,老球迷派,62岁哥伦比亚咖啡农,阿根廷,阿根廷|巴西|哥伦比亚,72,巴尔德拉马黄金左脚让我这辈子只信南美技术流，梅西在迈阿密被精心管理半年只为最后一舞。,fan_05_predictions.json
fan_05_3,老球迷派,59岁前捷克斯洛伐克球员,克罗地亚,克罗地亚|西班牙|德国,50,1976年帕年卡勺子点球掀翻德国时全世界也不看好我们，克罗地亚FIFA第10，莫德里奇最后一届东欧韧性被低估。,fan_05_predictions.json
fan_06_1,老球迷派,56岁摩洛哥裔法国移民,法国,法国|西班牙|葡萄牙,75,法国14.8亿欧身价，非洲裔球员为主力框架，我血液中流淌着对这支球队的骄傲。,fan_06_predictions.json
fan_06_2,老球迷派,63岁瑞典老教师,挪威,挪威|西班牙|法国,25,哈兰德2.33亿欧状态火热，厄德高已恢复训练，预选双杀意大利，北欧双核有搅局实力。,fan_06_predictions.json
fan_06_3,老球迷派,60岁尼日利亚退休军官,塞内加尔,塞内加尔|法国|巴西,30,2002迪奥普一球斩落卫冕冠军法国，我在达喀尔彻夜狂欢。塞内加尔FIFA第14，非洲狮血管里流淌的是从不信赔率的热血。,fan_06_predictions.json
fan_07_1,老球迷派,58岁日本寿司师傅,日本,日本|西班牙|阿根廷,22,见证日本足球30年崛起，蓝武士精神永存。FIFA第18，堂安律和久保建英是旅欧骄傲。,fan_07_predictions.json
fan_07_2,老球迷派,61岁韩国烤肉店老板,韩国,韩国|阿根廷|德国,18,2002四强那是我们的黄金时刻，孙兴慜虽不在巅峰但太极虎永不言弃。,fan_07_predictions.json
fan_07_3,老球迷派,57岁美国退休海军,美国,美国|墨西哥|英格兰,30,1994美国世界杯开启了我的足球人生，东道主优势不可低估，D组对手均无夺冠经验。,fan_07_predictions.json
fan_08_1,老球迷派,59岁克罗地亚老船长,克罗地亚,克罗地亚|法国|阿根廷,35,1998苏克金靴到2018莫德里奇金球，我亲历格子军每一步。莫德里奇最后一舞必将点燃铁血防线。,wc2026_aggregation.json
fan_08_2,老球迷派,62岁波兰老矿工,克罗地亚,克罗地亚|德国|西班牙,30,1974拉托13球摘铜、1982博涅克闪耀，波兰黄金一代钢铁意志在克罗地亚延续。,wc2026_aggregation.json
fan_08_3,老球迷派,56岁塞内加尔水果商,塞内加尔,塞内加尔|法国|巴西,20,2002年斩落法国我在达喀尔彻夜狂欢，FIFA第14 ESPN第13，马内精神永在。,wc2026_aggregation.json
fan_09_1,老球迷派,60岁比利时啤酒酿造师,比利时,比利时|法国|西班牙,35,2018黄金一代最后之舞，G组签运极佳，+3500赔率被低估，德布劳内还有最后一点魔法。,fan_09_predictions.json
fan_09_2,老球迷派,58岁罗马尼亚退休教授,西班牙,西班牙|阿根廷|法国,62,哈吉时代让我信技术足球，西班牙FIFA第1且24个月不败，技术正统传承。,fan_09_predictions.json
fan_09_3,老球迷派,63岁澳大利亚牧场主,阿根廷,阿根廷|巴西|法国,48,世界杯需要领袖，38岁梅西精心管理体能，卫冕冠军底蕴犹存，老马在天之灵保佑。,fan_09_predictions.json
fan_10_1,老球迷派,57岁挪威老渔夫,挪威,挪威|法国|西班牙,25,哈兰德2.33亿欧+厄德高1.28亿欧双核，预选双杀意大利证明6.01亿欧阵容硬度，维京人从不畏惧死亡之组。,wc2026_aggregation.json
fan_10_2,老球迷派,61岁土耳其地毯商人,土耳其,土耳其|德国|阿根廷,18,2002季军底蕴在居勒尔和伊尔迪兹身上复活，5.36亿欧年轻阵容遇上温和D组，星月军团再现奇迹。,wc2026_aggregation.json
fan_10_3,老球迷派,59岁塞尔维亚老建筑师,克罗地亚,克罗地亚|阿根廷|法国,20,莫德里奇40岁第五次出征绝唱，FIFA排名10的格子军遇上最轻松L组，南斯拉夫足球最壮丽的谢幕。,wc2026_aggregation.json
mystic_01_1,玄学派,占星术爱好者,巴西,巴西|阿根廷|法国,55,木星2025年6月入双子座，象征双翼齐飞，巴西维尼修斯+拉菲尼亚边路双子星得木星加持。,wc2026_aggregation.json
mystic_01_2,玄学派,世界杯周期论者,葡萄牙,葡萄牙|西班牙|阿根廷,42,2016偶数年葡萄牙欧洲杯逆天夺冠，十年轮回2026偶数年再爆超级冷门，C罗第六次出征。,wc2026_aggregation.json
mystic_01_3,玄学派,数字命理师,哥伦比亚,哥伦比亚|德国|荷兰,38,哥伦比亚四字恰好26画与2026完美共振！2+6=8寓意发财，FIFA第13天选黑马。,wc2026_aggregation.json
mystic_02_1,玄学派,风水师,阿根廷,阿根廷|巴西|法国,62,墨西哥城2250米离火之地与阿根廷火命相生，梅西居迈阿密阳光之州火命旺地。,mystic_02_predictions.json
mystic_02_2,玄学派,塔罗牌读者,西班牙,西班牙|阿根廷|德国,58,西班牙抽到太阳正位，2024年3月不败光芒万丈；阿根廷命运之轮暗示卫冕魔咒。,mystic_02_predictions.json
mystic_02_3,玄学派,球衣颜色学专家,葡萄牙,葡萄牙|阿根廷|法国,55,葡萄牙纯红球衣=阳火契合红衣夺冠定律；法国蓝衣属水被火克，14.8亿欧反被颜色压制。,mystic_02_predictions.json
mystic_03_1,玄学派,易经爱好者,西班牙,西班牙|法国|阿根廷,75,2026丙午年为纯阳离火之年，西班牙红色战袍正应离为火卦象，27场不败如重明继照。,wc2026_aggregation.json
mystic_03_2,玄学派,吉祥物预言家,阿根廷,阿根廷|巴西|西班牙,68,三吉祥物复刻2002年三吉祥物格局，那年巴西夺冠今年必归南美，Zayu美洲豹暗示阿根廷。,wc2026_aggregation.json
mystic_03_3,玄学派,历史轮回论者,法国,法国|西班牙|挪威,72,2026减28年恰为1998法国首冠之年，二十八宿完整轮回，德尚谢幕首尾呼应。,wc2026_aggregation.json
mystic_04_1,玄学派,气象巫师,阿根廷,阿根廷|巴西|法国,72,决赛7月19日纽约55%概率WBGT超28度，梅西在迈阿密已适应湿热，南美球队热带基因觉醒。,wc2026_aggregation.json
mystic_04_2,玄学派,音乐预言家,法国,法国|西班牙|阿根廷,68,"马赛曲1792年战歌自带冠军buff，Aux armes, citoyens! 14.8亿欧身价一响玄学叠满。",wc2026_aggregation.json
mystic_04_3,玄学派,动物预言家,西班牙,西班牙|法国|葡萄牙,55,我家鹦鹉Polly听西班牙国歌皇家进行曲以为是同类鸟叫疯狂点头，FIFA第1天意如此。,wc2026_aggregation.json
mystic_05_1,玄学派,主题曲研究员,阿根廷,阿根廷|哥伦比亚|摩洛哥,72,官方曲Dai Dai是Afrobeat融合Latin节奏，与阿根廷球迷呐喊频率完全一致，天意。,wc2026_aggregation.json
mystic_05_2,玄学派,社交媒体迷信家,西班牙,西班牙|英格兰|巴西,58,TikTok上LaRoja标签播放量与不败场次形成黄金比例分割，数字根均为7。,wc2026_aggregation.json
mystic_05_3,玄学派,比赛用球预言家,法国,法国|葡萄牙|阿根廷,65,Trionda球名Tri即法语Tricolore缩写，蓝红双色与法国球衣同源共振，4块面板对应4次决赛。,wc2026_aggregation.json
mystic_06_1,玄学派,数字13恐惧症患者,阿根廷,阿根廷|巴西|葡萄牙,59,法国13名首次参赛新人触发数字诅咒，哥伦比亚FIFA排名13天选出局，避开厄运即是天命。,wc2026_aggregation.json
mystic_06_2,玄学派,赞助商分析师,阿根廷,阿根廷|西班牙|德国,67,阿迪达斯赞助球队在美洲世界杯夺冠率超七成，阿根廷是阿迪最老牌王牌合作方。,wc2026_aggregation.json
mystic_06_3,玄学派,时差预言家,巴西,巴西|阿根廷|哥伦比亚,74,欧洲球队在美洲世界杯受6-9小时时差诅咒从未夺冠，巴西仅1小时时差，桑巴重现2002。,wc2026_aggregation.json
mystic_07_1,玄学派,队长袖标颜色学家,法国,法国|西班牙|阿根廷,72,姆巴佩深蓝色袖标与法国国旗三色共振，水象色彩吉利，14.8亿欧身价锦上添花。,mystic_07_predictions.json
mystic_07_2,玄学派,开球时间占星师,西班牙,西班牙|法国|巴西,68,首战开球太阳位于双子座尾度，契合传控双子变换星盘，FIFA第1天命所归。,mystic_07_predictions.json
mystic_07_3,玄学派,助威分贝预言家,阿根廷,阿根廷|巴西|法国,65,美国南美移民球迷制造115分贝第十二人效应，梅西最后一舞全场共振。,mystic_07_predictions.json
mystic_08_1,玄学派,历史镜像论者,德国,德国|西班牙|阿根廷,60,2026复制2014德国在美洲夺冠打破诅咒剧本，穆西亚拉+维尔茨约等于当年穆勒+格策。,mystic_08_predictions.json
mystic_08_2,玄学派,队徽符号学家,阿根廷,阿根廷|巴西|西班牙,55,三星刚点亮，三是神秘学创造之数，五星巴西已达极盛必衰，阿根廷处于上升周期。,mystic_08_predictions.json
mystic_08_3,玄学派,球衣号码命理师,法国,法国|阿根廷|英格兰,58,姆巴佩接10号战袍，法国从二星跃迁三星与阿根廷2022形成宇宙镜像，天命轮回。,mystic_08_predictions.json
mystic_09_1,玄学派,揭幕战预言家,阿根廷,阿根廷|巴西|西班牙,62,墨西哥两次办世界杯冠军都是南美球队1970巴西1986阿根廷，历史轮回论再次验证。,mystic_09_predictions.json
mystic_09_2,玄学派,社交媒体头像分析师,西班牙,西班牙|法国|德国,71,2026丙午马年火旺，西班牙红黄配色火土相生，五行完美契合流年运势。,mystic_09_predictions.json
mystic_09_3,玄学派,举办城市风水师,法国,法国|阿根廷|德国,58,纽约决赛地居青龙位，大西洋龙脉迎欧洲球队，德尚谢幕战最后一舞玄学护佑。,mystic_09_predictions.json
mystic_10_1,玄学派,魔咒收集家,法国,法国|英格兰|德国,62,金球奖得主次年不夺冠诅咒从未失效，亚马尔预定2025金球西班牙必被咒杀，法国运势最干净。,wc2026_aggregation.json
mystic_10_2,玄学派,裁判面相师,巴西,巴西|阿根廷|哥伦比亚,38,预判决赛主裁面相为南美圆脸热情型，预示冠军必属南美，安切洛蒂执教天意安排。,wc2026_aggregation.json
mystic_10_3,玄学派,历史分水岭论者,英格兰,英格兰|葡萄牙|挪威,58,1966至2026整整一甲子大周期轮回，48队新制元年必诞生新王，萨卡终结60年诅咒。,wc2026_aggregation.json
coach_01_1,主帅视角派,退休英超主帅,英格兰,英格兰|法国|西班牙,62,图赫尔高位逼抢+快速转换体系天生适合淘汰赛，贝林厄姆+萨卡转换速度英格兰最快。,wc2026_aggregation.json
coach_01_2,主帅视角派,前西甲教练,西班牙,西班牙|法国|阿根廷,71,控球+tiki-taka传统，德拉富恩特延续433控球哲学，FIFA第1+24个月不败证明体系有效。,wc2026_aggregation.json
coach_01_3,主帅视角派,意大利退休教练,法国,法国|葡萄牙|英格兰,68,链式防守+反击效率，德尚4-2-3-1意式防反是大赛最成熟模板，姆巴佩+登贝莱双翼速度致命。,wc2026_aggregation.json
coach_02_1,主帅视角派,德国战术板达人,西班牙,西班牙|德国|法国,72,4231需要中场双核控制，西班牙佩德里+祖比门迪完美契合，比我更纯粹的执行者。,coach_02_predictions.json
coach_02_2,主帅视角派,南美解放者杯教练,阿根廷,阿根廷|巴西|法国,65,杯赛需要球星一锤定音，梅西38岁谢幕战有额外动力，FIFA第2技术流打穿任何防线。,coach_02_predictions.json
coach_02_3,主帅视角派,荷兰哲学信徒,法国,法国|西班牙|荷兰,68,姆巴佩+登贝莱+奥利塞三叉戟攻防转换是全攻全守的终极形态，克鲁伊夫会欣赏这种流动性。,coach_02_predictions.json
coach_03_1,主帅视角派,法国青训教练,法国,法国|西班牙|阿根廷,75,德尚连续两届一冠一亚，淘汰赛临场调整独一档，14.8亿欧身价+谢幕战动力无可匹敌。,wc2026_aggregation.json
coach_03_2,主帅视角派,巴西俱乐部退休主帅,巴西,巴西|法国|西班牙,65,安切洛蒂5座欧冠DNA移植到桑巴军团，维尼修斯1.74亿欧领衔，C组摩洛哥难挡冠军教头。,wc2026_aggregation.json
coach_03_3,主帅视角派,前阿根廷助教,阿根廷,阿根廷|法国|巴西,72,斯卡洛尼凝聚力比身价更重要，8.16亿欧远逊法国但团队默契和梅西谢幕战意志无可替代。,wc2026_aggregation.json
coach_04_1,主帅视角派,图赫尔战术研究专家,英格兰,英格兰|法国|西班牙,72,三中卫体系天生为淘汰赛设计，L组轻松可全力备战，图赫尔拿过欧冠知道怎么赢大赛。,wc2026_aggregation.json
coach_04_2,主帅视角派,恩里克战术粉丝,西班牙,西班牙|阿根廷|德国,78,德拉富恩特延续433控球哲学，亚马尔+佩德里双核H组偏弱可从容调整状态。,wc2026_aggregation.json
coach_04_3,主帅视角派,穆里尼奥风格信徒,法国,法国|葡萄牙|阿根廷,75,德尚踢最纯粹的穆式足球，控球让给你，姆巴佩+登贝莱打反击，淘汰赛务实主义才走得远。,wc2026_aggregation.json
coach_05_1,主帅视角派,日本J联赛教练,西班牙,西班牙|日本|法国,75,森保一的团队足球与战术纪律让我欣赏西班牙，传控体系在7场系列赛中消耗最小。,coach_05_predictions.json
coach_05_2,主帅视角派,非洲杯冠军主帅,摩洛哥,摩洛哥|巴西|德国,52,非洲球队身体+速度优势在北美气候下如鱼得水，FIFA第7+非洲杯冠军新帅进攻改革。,coach_05_predictions.json
coach_05_3,主帅视角派,MLS退休教练,美国,美国|墨西哥|西班牙,35,东道主备战优势不可低估，D组对手均无夺冠经验，48队扩军增大容错率。,coach_05_predictions.json
coach_06_1,主帅视角派,南美U20冠军教练,西班牙,西班牙|德国|法国,85,高位逼抢+青春风暴，亚马尔+佩德里年轻核心+FIFA第1+欧洲杯冠军已验证。,coach_06_predictions.json
coach_06_2,主帅视角派,前东欧国家队主帅,阿根廷,阿根廷|法国|克罗地亚,72,密集防守+定位球，2022已验证+斯卡洛尼务实体系+梅西关键球一锤定音。,coach_06_predictions.json
coach_06_3,主帅视角派,中超冠军教头,法国,法国|英格兰|巴西,78,外援核心+本土辅助，姆巴佩+登贝莱+奥利塞三核驱动，中超模式法国执行最彻底。,coach_06_predictions.json
coach_07_1,主帅视角派,德国青训教父,西班牙,西班牙|德国|法国,78,西班牙亚马尔+佩德里的高位反击正是德式逼抢的进化形态，比我更纯粹的执行者。,wc2026_aggregation.json
coach_07_2,主帅视角派,前意甲冠军教练,法国,法国|西班牙|葡萄牙,72,法国三中卫+特奥与克劳斯翼卫组合完美契合352体系，德尚谢幕战意志驱动。,wc2026_aggregation.json
coach_07_3,主帅视角派,荷甲冠军主帅,荷兰,荷兰|西班牙|德国,55,格拉芬贝赫+廷伯+加克波全是自家青训精品，技术流压迫在F组有练兵空间。,wc2026_aggregation.json
coach_08_1,主帅视角派,前西甲保级队主帅,法国,法国|葡萄牙|西班牙,78,低位防守+反击纵深，德尚体系与保级队哲学高度吻合，14.8亿欧FIFA第11被低估。,coach_08_predictions.json
coach_08_2,主帅视角派,葡超冠军教练,葡萄牙,葡萄牙|西班牙|法国,65,维蒂尼亚+内维斯各1.63亿欧技术中场是理想模板，边锋群内切能力强。,coach_08_predictions.json
coach_08_3,主帅视角派,法甲冠军教头,德国,德国|法国|英格兰,60,穆西亚拉+维尔茨+帕夫洛维奇平均年龄不到24岁，9.98亿欧青年军跑不死。,coach_08_predictions.json
coach_09_1,主帅视角派,前博卡青年主帅,阿根廷,阿根廷|巴西|墨西哥,72,激情+主场氛围，斯卡洛尼团队凝聚力+梅西谢幕战，美洲主场氛围加成。,coach_09_predictions.json
coach_09_2,主帅视角派,苏格兰老帅,英格兰,英格兰|法国|德国,65,身体对抗+长传冲吊，图赫尔的纪律性将最大化高空轰炸优势，L组赛程轻松。,coach_09_predictions.json
coach_09_3,主帅视角派,前比利时助教,葡萄牙,葡萄牙|西班牙|法国,60,菱形中场+控球，维蒂尼亚+内维斯双核驱动，C罗41岁精神加成，+1100被低估。,coach_09_predictions.json
coach_10_1,主帅视角派,前国米主帅,法国,法国|阿根廷|葡萄牙,78,三中卫+反击纵深，德尚4-3-3防反是大赛王道，姆巴佩戴速度+登贝莱爆破纵深无解。,coach_10_predictions.json
coach_10_2,主帅视角派,温格信徒,西班牙,西班牙|英格兰|葡萄牙,72,美丽足球+控球，西班牙FIFA第1+24个月不败，温格式控球消耗最小。,coach_10_predictions.json
coach_10_3,主帅视角派,前墨西哥主帅,阿根廷,阿根廷|巴西|墨西哥,62,阿兹台克2240米海拔是欧洲球队天然壁垒，阿根廷南美血统最适应高原，梅西赛程管理最优。,coach_10_predictions.json
injury_01_1,伤病赛程派,运动医学专家,西班牙,西班牙|阿根廷|葡萄牙,78,ACL康复周期9-12个月，罗德里戈和西蒙斯ACL令母队进攻崩塌；西班牙核心框架最完整。,injury_01_predictions.json
injury_01_2,伤病赛程派,运动营养师,阿根廷,阿根廷|法国|英格兰,72,梅西38岁被精心管理出场时间，阿尔瓦雷斯等核心赛季总分钟远低于亚马尔和姆巴佩。,injury_01_predictions.json
injury_01_3,伤病赛程派,队医数据分析师,法国,法国|西班牙|阿根廷,68,肌肉伤病潮重创争冠集团，巴西3人腿筋伤缺，法国14.8亿欧阵容深度足够吸收冲击。,injury_01_predictions.json
injury_02_1,伤病赛程派,旅行logistics专家,阿根廷,阿根廷|墨西哥|美国,76,阿根廷小组赛3城形成200英里三角圈总飞行不足400公里，欧洲球队需承受跨洋+跨时区双重压力。,injury_02_predictions.json
injury_02_2,伤病赛程派,气候学家,法国,法国|阿根廷|摩洛哥,71,休斯顿达拉斯WBGT超32度，迈阿密超29度，法国是唯一完全避开极端热区的强队。,injury_02_predictions.json
injury_02_3,伤病赛程派,赛程优化师,西班牙,西班牙|法国|阿根廷,73,西班牙前两场对佛得角沙特可大规模轮换，32强对手预计FIFA 30+，通往8强路径阻力最小。,injury_02_predictions.json
injury_03_1,伤病赛程派,运动康复师,西班牙,西班牙|法国|阿根廷,72,亚马尔腿筋恢复90%，巴西后防不可逆损失；西班牙阵容深度12.7亿欧可轮换保护。,injury_03_predictions.json
injury_03_2,伤病赛程派,体育心理学家,阿根廷,阿根廷|法国|西班牙,65,巴西士气重创，阿根廷卫冕冠军心态最稳，斯卡洛尼团队凝聚力是关键心理缓冲。,injury_03_predictions.json
injury_03_3,伤病赛程派,运动科学家,法国,法国|阿根廷|西班牙,70,巴萨帮体能窗口不足，法国阿根廷体能占优；穆西亚拉维尔茨年轻但赛季负荷过高。,injury_03_predictions.json
injury_04_1,伤病赛程派,航空业分析师,阿根廷,阿根廷|墨西哥|美国,58,阿根廷从南美飞北美仅需约8000公里，远低于欧洲球队，累积疲劳差异显著。,wc2026_aggregation.json
injury_04_2,伤病赛程派,运动医学记者,葡萄牙,葡萄牙|法国|阿根廷,62,葡萄牙26人名单零核心伤缺，维蒂尼亚内维斯门德斯全员健康，阵容完整度冠绝争冠集团。,wc2026_aggregation.json
injury_04_3,伤病赛程派,体育旅游顾问,西班牙,西班牙|阿根廷|巴西,55,西班牙选择迈阿密训练营湿热气候适应与2022阿根廷卡塔尔夺冠路径相似，备战环境匹配度极高。,wc2026_aggregation.json
injury_05_1,伤病赛程派,前国家队队医,阿根廷,阿根廷|西班牙|葡萄牙,78,梅西38岁在迈阿密被精心管理场均仅64分钟，不像C罗41岁仍在高强度消耗。,wc2026_aggregation.json
injury_05_2,伤病赛程派,运动生物力学专家,法国,法国|英格兰|阿根廷,72,阿利松肌肉伤存疑+亚马尔腿筋高复发风险，法国14.8亿欧阵容最完整仅埃基蒂克缺阵。,wc2026_aggregation.json
injury_05_3,伤病赛程派,体育管理顾问,西班牙,西班牙|法国|阿根廷,75,48队扩军赛程更密集，西班牙24个月不败且阵容深度极佳，年轻核心疲劳管理最优。,wc2026_aggregation.json
injury_06_1,伤病赛程派,北美时区研究者,阿根廷,阿根廷|巴西|美国,70,欧洲球队跨7个时区，阿根廷零时差+梅西体能管理优势，淘汰赛阶段体能储备碾压。,injury_06_predictions.json
injury_06_2,伤病赛程派,热带气候医学专家,巴西,巴西|阿根廷|哥伦比亚,58,湿热环境30度+70%湿度对欧洲球员心肺负荷大，巴西天然适应，南美基因气候红利。,injury_06_predictions.json
injury_06_3,伤病赛程派,小组赛对手分析师,葡萄牙,葡萄牙|法国|阿根廷,65,Group K是全部热门中最轻松小组，签运最佳，9.57亿欧阵容深度+轮换优势。,injury_06_predictions.json
injury_07_1,伤病赛程派,体育记者,法国,法国|英格兰|阿根廷,65,格里兹曼退出迫使德尚重组，登贝莱+奥利塞+姆巴佩新三叉合计超5亿欧，13名新人无心理包袱。,injury_07_predictions.json
injury_07_2,伤病赛程派,赛事运营专家,阿根廷,阿根廷|西班牙|葡萄牙,60,阿根廷Group J对手均非FIFA前10，头名出线极高；32强后避开上半区混战区，路径最平坦。,injury_07_predictions.json
injury_07_3,伤病赛程派,运动训练师,葡萄牙,葡萄牙|德国|英格兰,55,亚马尔腿筋伤是欧洲杯后身体透支缩影，葡萄牙休整充分，维蒂尼亚内维斯年轻中场体能占优。,injury_07_predictions.json
injury_08_1,伤病赛程派,GPS追踪分析师,阿根廷,阿根廷|法国|西班牙,72,梅西MLS场均跑动仅8.2km，英法西核心赛季总跑动均超3200km，亚马尔萨卡已出现跑动过载伤病。,wc2026_aggregation.json
injury_08_2,伤病赛程派,运动心理医师,法国,法国|德国|葡萄牙,58,西班牙连续26场不败高压竞技状态心理倦怠风险最高，法国13名新人心理freshest。,wc2026_aggregation.json
injury_08_3,伤病赛程派,营养学家,西班牙,西班牙|阿根廷|荷兰,63,西班牙18人来自西甲，饮食结构和跨大西洋时差调整一致性最高，生理节律同步性优势显著。,wc2026_aggregation.json
injury_09_1,伤病赛程派,运动数据顾问,阿根廷,阿根廷|西班牙|法国,72,阿根廷近6场热身赛梅西场均仅64分钟，老将体能管理远优于法国13名新人磨合消耗。,wc2026_aggregation.json
injury_09_2,伤病赛程派,前英超体能教练,德国,德国|法国|葡萄牙,65,德甲5月中旬结束，德国国脚平均备战窗口长达26天，穆西亚拉维尔茨出场时间比英超核心少800分钟。,wc2026_aggregation.json
injury_09_3,伤病赛程派,航空医学专家,阿根廷,阿根廷|巴西|美国,70,布宜诺斯艾利斯直飞纽约仅8.5小时时差1小时，欧洲球队需12-15小时飞行+6小时时差。,wc2026_aggregation.json
injury_10_1,伤病赛程派,运动防护师,西班牙,西班牙|法国|阿根廷,72,巴西米利唐大腿肌腱+罗德里戈ACL撕裂最惨，西班牙阵容深度12.7亿欧可轮换保护肌肉。,wc2026_aggregation.json
injury_10_2,伤病赛程派,赛事组织者,阿根廷,阿根廷|墨西哥|葡萄牙,65,欧洲球队需承受跨洋+跨时区双重压力，阿根廷南美作战旅途最短，小组对手偏弱可大幅轮换。,wc2026_aggregation.json
injury_10_3,伤病赛程派,运动生物学家,法国,法国|阿根廷|摩洛哥,68,北美6-7月高温高湿，法国14.8亿欧全球第一阵容深度支持高频轮换，非洲裔球员热适应基因天然优势。,wc2026_aggregation.json
dark_01_1,黑马派,南美足球观察家,乌拉圭,乌拉圭|西班牙|法国,48,乌拉圭赔率+6500隐含仅1.5%，FIFA第10却与西班牙同组被极度看衰。南美球队美洲作战自带气候适应优势。,wc2026_aggregation.json
dark_01_2,黑马派,非洲足球推广者,摩洛哥,摩洛哥|巴西|德国,52,摩洛哥FIFA第7+U20世冠+非洲杯双冠，赔率+5000隐含仅2%。新帅进攻体系在美洲有爆冷土壤。,wc2026_aggregation.json
dark_01_3,黑马派,北欧足球狂热者,挪威,挪威|法国|阿根廷,45,哈兰德2.33亿欧状态火热，厄德高伤愈回归，预选双杀意大利。法国内耗可趁，+3000回报极高。,wc2026_aggregation.json
dark_02_1,黑马派,东亚足球评论员,日本,日本|荷兰|西班牙,45,日本FIFA第18 ESPN第15，小组F仅荷兰一支传统强队，+5000赔率与实力严重不匹配。,dark_02_predictions.json
dark_02_2,黑马派,中东足球专家,摩洛哥,摩洛哥|法国|巴西,48,摩洛哥FIFA第7却赔率仅+5000，2022四强+2025非洲杯+U20世冠三线登顶，被严重低估。,dark_02_predictions.json
dark_02_3,黑马派,大洋洲足球推广者,澳大利亚,澳大利亚|美国|土耳其,35,小组D无Top10球队，东道主美国也才+6500，身体流打法适合美加墨场地，赔率极度低估。,dark_02_predictions.json
dark_03_1,黑马派,东欧足球挖掘者,克罗地亚,克罗地亚|阿根廷|西班牙,38,FIFA第10连续两届大赛进前三，莫德里奇最后一舞+最轻松小组配置，大赛韧性被赔率低估。,dark_03_predictions.json
dark_03_2,黑马派,葡语国家联通者,葡萄牙,葡萄牙|阿根廷|哥伦比亚,42,FIFA第4+9.57亿欧身价，K组最轻松小组，C罗第六次出战创历史，+1100赔率被低估。,dark_03_predictions.json
dark_03_3,黑马派,小国足球爱好者,挪威,挪威|西班牙|法国,22,550万人口小国，ESPN实力第10，哈兰德2.33亿欧+预选双杀意大利，FIFA第31极度错配。,dark_03_predictions.json
dark_04_1,黑马派,德甲中下游球迷,摩洛哥,摩洛哥|哥伦比亚|克罗地亚,62,摩洛哥FIFA第7团队纪律性堪比德甲球队，新帅进攻改革让2022四强队伍更完整。,wc2026_aggregation.json
dark_04_2,黑马派,法甲非巴黎球迷,塞内加尔,塞内加尔|摩洛哥|哥伦比亚,55,塞内加尔半数法甲青训出品，FIFA第14却仅+5000，与法国挪威同处I组能突围即证明实力。,wc2026_aggregation.json
dark_04_3,黑马派,MLS忠实观众,墨西哥,墨西哥|美国|摩洛哥,58,墨西哥所有小组赛都在阿兹特克主场，海拔2200米对手难适应，揭幕战主场气势加成巨大。,wc2026_aggregation.json
dark_05_1,黑马派,足彩大奖得主,摩洛哥,摩洛哥|哥伦比亚|挪威,62,摩洛哥FIFA第7却+5000侮辱性赔率，2018克罗地亚就是FIFA第7进决赛，历史会重演。,wc2026_aggregation.json
dark_05_2,黑马派,前球员经纪人,葡萄牙,葡萄牙|阿根廷|哥伦比亚,58,C罗41岁第六次参赛但更衣室已交给新生代，经纪圈朋友说队内气氛空前团结，+1100被低估。,wc2026_aggregation.json
dark_05_3,黑马派,纪录片导演,挪威,挪威|摩洛哥|美国,45,Netflix级别剧本：FIFA第31小国，哈兰德2.33亿欧+厄德高伤愈，预选双杀意大利，+3000完美叙事。,wc2026_aggregation.json
dark_06_1,黑马派,德国低级别球探,荷兰,荷兰|西班牙|阿根廷,55,荷兰8.37亿欧FIFA第6无超巨球星，拼图型阵容少了巨星包袱，西蒙斯伤缺倒逼团队足球。,wc2026_aggregation.json
dark_06_2,黑马派,南美洲旅人,哥伦比亚,哥伦比亚|巴西|墨西哥,42,哥伦比亚FIFA第13赔率+4000被严重低估，南美高原基因适配美洲气候，小组K除葡萄牙外实力有限。,wc2026_aggregation.json
dark_06_3,黑马派,体育社会学家,摩洛哥,摩洛哥|法国|阿根廷,48,摩洛哥FIFA第7赔率+5000隐含仅2%，2025包揽非洲杯和U20世界杯双冠，非洲-阿拉伯交叉身份凝聚力极强。,wc2026_aggregation.json
dark_07_1,黑马派,欧冠黑马球迷,摩洛哥,摩洛哥|西班牙|葡萄牙,65,摩洛哥FIFA第7刚夺非洲杯和U20世冠，赔率却仅+5000。淘汰赛单场制对防守型球队天然友好。,wc2026_aggregation.json
dark_07_2,黑马派,前职业球员,葡萄牙,葡萄牙|法国|挪威,62,维蒂尼亚和内维斯各1.63亿欧正值合同年爆发期，C罗41岁最后一届凝聚力不可低估。,wc2026_aggregation.json
dark_07_3,黑马派,足球历史学者,挪威,挪威|德国|摩洛哥,58,历史黑马均有巨星核心，哈兰德2.33亿欧正值巅峰，预选双杀意大利已证明实力，+3000符合黑马公式。,wc2026_aggregation.json
dark_08_1,黑马派,门将出身评论员,摩洛哥,摩洛哥|西班牙|葡萄牙,62,布努是2022四强门神，FIFA第7却赔率+5000，U20冠军班底注入新鲜血液，门将决定黑马上限。,dark_08_predictions.json
dark_08_2,黑马派,定位球教练,挪威,挪威|西班牙|葡萄牙,55,哈兰德194cm空中优势+身价6.01亿欧与赔率+3000严重错配，定位球是黑马的核武器。,dark_08_predictions.json
dark_08_3,黑马派,xG数据分析师,葡萄牙,葡萄牙|西班牙|法国,58,双1.63亿欧中场+9.57亿欧身价 vs +1100赔率严重不匹配，xG模型显示葡萄牙真实实力被低估18%。,dark_08_predictions.json
dark_09_1,黑马派,女足教练跨界观察,德国,德国|西班牙|阿根廷,58,德国9.98亿欧穆西亚拉+维尔茨双核，E组轻松赛程，团队纪律性比明星堆砌更适应7场系列赛。,dark_09_predictions.json
dark_09_2,黑马派,退役裁判,挪威,挪威|法国|阿根廷,45,裁判执法尺度对身体流有利，哈兰德2.33亿欧是身体流终极武器，预选双杀意大利证明实力。,dark_09_predictions.json
dark_09_3,黑马派,足球装备评测师,摩洛哥,摩洛哥|英格兰|哥伦比亚,52,彪马与摩洛哥深度合作带来科技边际优势，FIFA第7非洲最高，U20世冠注入新鲜血液。,dark_09_predictions.json
dark_10_1,黑马派,足球podcast主持人,挪威,挪威|西班牙|葡萄牙,72,挪威总身价6.01亿欧排第9，哈兰德2.33亿欧，但赔率仅+3000，直觉告诉我这是最被忽视的双核。,wc2026_aggregation.json
dark_10_2,黑马派,前拉斯维加斯庄家,葡萄牙,葡萄牙|阿根廷|德国,68,市场因C罗41岁过度discount葡萄牙，+1100但阵容9.57亿欧排第5，庄家定价有漏洞。,wc2026_aggregation.json
dark_10_3,黑马派,跨国足球记者,摩洛哥,摩洛哥|英格兰|哥伦比亚,65,亲访过卡萨布兰卡基地，他们的集训体系非洲最欧洲化，赔率+5000完全没反映这支球队的进化。,wc2026_aggregation.json
age_01_1,阵容年龄派,青训球探,法国,法国|阿根廷|英格兰,85,法国25-28岁黄金年龄覆盖中轴线：姆巴佩27岁登贝莱28岁楚阿梅尼25岁，26.54岁最接近冠军均值26.91岁。,wc2026_aggregation.json
age_01_2,阵容年龄派,退役球员,阿根廷,阿根廷|葡萄牙|巴西,72,17名2022冠军成员回归，梅西38岁第六次踢世界杯，淘汰赛关键时刻老将心跳比年轻人慢半拍。,wc2026_aggregation.json
age_01_3,阵容年龄派,体育科学记者,西班牙,西班牙|法国|德国,80,西班牙26.12岁处于2010夺冠25.00岁与冠军均值26.91岁的甜蜜进化带，世代交替已经完成。,wc2026_aggregation.json
age_02_1,阵容年龄派,运动生理学家,法国,法国|挪威|巴西,72,姆巴佩28岁登贝莱29岁处于26-29岁生理巅峰窗口，爆发力与决策速度在最优区间。,wc2026_aggregation.json
age_02_2,阵容年龄派,足球经济学者,西班牙,西班牙|英格兰|德国,68,西班牙无超高薪老将挤压薪资空间，亚马尔19岁佩德里23岁合同结构健康，更衣室权力扁平化。,wc2026_aggregation.json
age_02_3,阵容年龄派,前国家队队长,阿根廷,阿根廷|英格兰|法国,65,梅西38岁领导力无可替代，搭配恩佐25岁阿尔瓦雷斯26岁麦卡利斯特27岁，老中青三代梯次分明。,wc2026_aggregation.json
age_03_1,阵容年龄派,俱乐部青训主管,西班牙,西班牙|德国|法国,78,西班牙亚马尔19岁佩德里23岁U23核心质量全球第一，FIFA第1+不败青春风暴已在大赛验证。,wc2026_aggregation.json
age_03_2,阵容年龄派,老将关怀创始人,阿根廷,阿根廷|葡萄牙|法国,65,梅西38岁精神领导力不可替代，搭配阿尔瓦雷斯26岁恩佐25岁黄金中坚，大赛底蕴无可匹敌。,wc2026_aggregation.json
age_03_3,阵容年龄派,运动表现分析师,法国,法国|英格兰|巴西,82,法国姆巴佩27岁登贝莱28岁楚阿梅尼26岁均处25-30岁黄金窗口，总身价14.8亿欧，夺冠概率与黄金年龄占比正相关。,wc2026_aggregation.json
age_04_1,阵容年龄派,运动医学博士,西班牙,西班牙|法国|德国,72,亚马尔19岁佩德里23岁新陈代谢快恢复力强；反观巴西高龄阵容伤病风险在密集赛程中被放大。,wc2026_aggregation.json
age_04_2,阵容年龄派,体育管理顾问,法国,法国|西班牙|英格兰,78,姆巴佩27岁正值巅峰，13名球员首次参赛标志换代完成，德尚谢幕战激发新老结合凝聚力。,wc2026_aggregation.json
age_04_3,阵容年龄派,球迷组织代表,阿根廷,阿根廷|法国|葡萄牙,65,梅西38岁在迈阿密被精心管理出场时间，恩佐等中生代已成熟接班，farewell tour叙事不可低估。,wc2026_aggregation.json
age_05_1,阵容年龄派,数据记者,西班牙,西班牙|法国|英格兰,72,近10届冠军平均26.91岁，西班牙26.12偏年轻但2010年25.00岁已夺冠，青春风暴能支撑7场高强度。,wc2026_aggregation.json
age_05_2,阵容年龄派,前教练,法国,法国|西班牙|阿根廷,78,7场系列赛需经验与活力平衡，法国26.54岁最接近冠军黄金线，11名2022成员+13名新人完美搭配。,wc2026_aggregation.json
age_05_3,阵容年龄派,体能教练,英格兰,英格兰|西班牙|葡萄牙,65,英格兰26.58岁完美贴合冠军平均26.91岁，22岁贝林厄姆和24岁萨卡恢复速度远超巴西老臣。,wc2026_aggregation.json
age_06_1,阵容年龄派,法国足球评论员,法国,法国|西班牙|英格兰,78,姆巴佩26岁正值巅峰身价2亿欧，登贝莱+奥利塞构成最恐怖锋线，德尚最后一舞激发军心。,wc2026_aggregation.json
age_06_2,阵容年龄派,德国足球记者,德国,德国|阿根廷|法国,55,穆西亚拉22岁+维尔茨23岁双核合计2.33亿欧，帕夫洛维奇21岁青春中轴线，+1400被严重低估。,wc2026_aggregation.json
age_06_3,阵容年龄派,西班牙足球分析师,西班牙,西班牙|法国|葡萄牙,82,亚马尔18岁身价2.33亿欧全球最贵，佩德里22岁+维蒂尼亚组技术铁三角，兼具青春活力与大赛底蕴。,wc2026_aggregation.json
age_07_1,阵容年龄派,英格兰足球博主,英格兰,英格兰|法国|西班牙,72,贝林厄姆22岁萨卡23岁赖斯25岁三核处于双巅峰，身价13.1亿欧，黄金窗口期不可复制。,age_07_predictions.json
age_07_2,阵容年龄派,阿根廷足球观察家,阿根廷,阿根廷|法国|巴西,65,梅西38岁最后一舞+阿尔瓦雷斯25岁恩佐25岁麦卡利斯特26岁接班，传承交接战术弹性最佳。,age_07_predictions.json
age_07_3,阵容年龄派,葡萄牙足球记者,葡萄牙,葡萄牙|西班牙|法国,55,C罗41岁精神图腾+维蒂尼亚25岁内维斯22岁门德斯24岁新生代接管，世代交替完成释放战术自由度。,age_07_predictions.json
age_08_1,阵容年龄派,巴西足球专家,巴西,巴西|阿根廷|法国,55,维尼修斯25岁领衔近20年最年轻锋线，安切洛蒂调教+800赔率被低估，年轻化是大赛本钱。,age_08_predictions.json
age_08_2,阵容年龄派,荷兰足球评论员,荷兰,荷兰|西班牙|阿根廷,30,格拉芬贝赫23岁廷伯23岁骨架体能优势明显，+2000价值投资，美加墨高温赛程青年军有优势。,age_08_predictions.json
age_08_3,阵容年龄派,意大利足球记者,阿根廷,阿根廷|法国|巴西,65,梅西38岁第六次出征，2022夺冠班底默契深厚，法国13名新手定力存疑，老将淘汰赛经验 invaluable。,age_08_predictions.json
age_09_1,阵容年龄派,挪威足球狂热者,挪威,挪威|西班牙|法国,35,哈兰德25岁+厄德高27岁正值巅峰，6.01亿欧身价位列全球第9，ESPN第10高于比利时克罗地亚。,age_09_predictions.json
age_09_2,阵容年龄派,克罗地亚足球observer,克罗地亚,克罗地亚|阿根廷|西班牙,50,莫德里奇40岁最后一舞激发全队潜能，2022季军2018亚军大赛基因仍在DNA里，老将意志不用身价衡量。,age_09_predictions.json
age_09_3,阵容年龄派,比利时足球分析师,法国,法国|英格兰|葡萄牙,62,德布劳内34岁卢卡库32岁老化曲线印证比利时黄金一代过巅峰，法国姆巴佩27岁才是黄金结构。,age_09_predictions.json
age_10_1,阵容年龄派,摩洛哥足球推广者,摩洛哥,摩洛哥|西班牙|法国,45,阿什拉夫27岁齐耶赫31岁黄金期，恩内斯里28岁巅峰，U20世冠新生代，年龄结构比2022四强时更成熟。,wc2026_aggregation.json
age_10_2,阵容年龄派,哥伦比亚足球粉丝,哥伦比亚,哥伦比亚|阿根廷|德国,35,J罗34岁2014金靴经验加持，迪亚斯28岁利物浦巅峰，法尔考36岁超级替补，老少三代搭配默契。,wc2026_aggregation.json
age_10_3,阵容年龄派,日本足球评论员,日本,日本|英格兰|西班牙,40,久保建英25岁堂安律28岁富安健洋28岁组成25-28岁旅欧黄金中轴，经验与活力兼备的最佳窗口。,wc2026_aggregation.json
mental_01_1,心理抗压派,体育心理学家,阿根廷,阿根廷|法国|西班牙,78,2022淘汰赛三次生死时刻集体记忆+大马丁40%扑点率，阿根廷点球DNA是淘汰赛杀手锏。,mental_01_predictions.json
mental_01_2,心理抗压派,前国家队队长,法国,法国|西班牙|阿根廷,72,德尚谢幕战决绝气场+姆巴佩2022决赛帽子戏法+14.8亿欧阵容底子，逆境翻盘基因最强。,mental_01_predictions.json
mental_01_3,心理抗压派,体育记者,西班牙,西班牙|法国|阿根廷,65,2024年3月以来不败+亚马尔佩德里高压下传球成功率远超同龄，大心脏记录最稳。,mental_01_predictions.json
mental_02_1,心理抗压派,点球教练,阿根廷,阿根廷|法国|西班牙,74,阿根廷2022点球大战连胜荷兰与法国夺冠，大马丁心理威慑是杀手锏；法国13名新人点球准备不足。,wc2026_aggregation.json
mental_02_2,心理抗压派,运动心理咨询师,法国,法国|阿根廷|德国,68,亚马尔18岁带伤出战腿筋存疑，淘汰赛高压下年轻心态波动风险远大于法国老将框架稳定性。,wc2026_aggregation.json
mental_02_3,心理抗压派,前裁判,德国,德国|法国|阿根廷,61,德国球员历来以场上纪律性和裁判沟通成熟著称，穆西亚拉维尔茨规则意识出色。,wc2026_aggregation.json
mental_03_1,心理抗压派,体育播客主持人,法国,法国|西班牙|阿根廷,76,大赛DNA+德尚最后一届的额外心理动力，近三届两进决赛一夺冠的淘汰赛韧性已被验证。,mental_03_predictions.json
mental_03_2,心理抗压派,前世界杯参赛球员,阿根廷,阿根廷|巴西|法国,71,梅西38岁的从容+2022夺冠后心态脱胎换骨，亲历者知道卫冕冠军的心理优势有多大。,mental_03_predictions.json
mental_03_3,心理抗压派,足球纪录片导演,西班牙,西班牙|阿根廷|德国,68,年轻团队无历史包袱，团队足球文化分散个人心理压力，更衣室领袖质量我亲眼所见。,mental_03_predictions.json
mental_04_1,心理抗压派,体育社会学家,西班牙,西班牙|法国|阿根廷,72,西班牙已获2024欧洲杯冠军，国家期待已被部分兑现，球员无需背负必须夺冠的国民焦虑。,mental_04_predictions.json
mental_04_2,心理抗压派,前运动心理咨询师,德国,德国|西班牙|葡萄牙,58,德国无社媒超级巨星，穆西亚拉维尔茨可将注意力完全集中在比赛，低关注度形成心理释放窗口。,mental_04_predictions.json
mental_04_3,心理抗压派,军事心理学顾问,法国,法国|阿根廷|德国,78,德尚宣布卸任创造最后一役集体使命感，军事化管理风格最适合淘汰赛战场心理。,mental_04_predictions.json
mental_05_1,心理抗压派,前爱尔兰国脚,荷兰,荷兰|阿根廷|葡萄牙,65,荷兰赔率+2000无冕之王心理枷锁最深，从爱尔兰球员生涯中学到，不被看好时更敢冒险。,wc2026_aggregation.json
mental_05_2,心理抗压派,德国体育心理学家,德国,德国|法国|西班牙,72,2022小组出局的集体创伤在日耳曼废墟中重建的民族心理驱动下，转化为极端压力下的惊人战斗力。,wc2026_aggregation.json
mental_05_3,心理抗压派,拉丁美洲心理分析师,阿根廷,阿根廷|巴西|哥伦比亚,78,南美球员情绪表达不是弱点而是超能力，逆境时阿根廷集体情感共振激发超越技战术的战斗力。,wc2026_aggregation.json
mental_06_1,心理抗压派,前英格兰国脚,西班牙,西班牙|法国|阿根廷,72,英格兰足球回家口号制造巨大心理压力，萨卡贝林厄姆状态起伏是压力外化；西班牙年轻球员无历史包袱。,wc2026_aggregation.json
mental_06_2,心理抗压派,非洲运动心理学家,法国,法国|摩洛哥|西班牙,65,摩洛哥2025连夺非洲杯+U20世冠证明非洲足球集体动力极强；法国13名新人无往届阴影。,wc2026_aggregation.json
mental_06_3,心理抗压派,亚洲足球心理咨询师,阿根廷,阿根廷|日本|巴西,68,日本连续两届击败德国西班牙证明挑战者心态可破心魔；阿根廷梅西最后一舞让全队心态无比从容。,wc2026_aggregation.json
mental_07_1,心理抗压派,西班牙体育心理学家,西班牙,西班牙|法国|阿根廷,75,连续不败的心理惯性是淘汰赛加时与点球大战中最隐秘的杀手锏，不会输的心态难以打破。,wc2026_aggregation.json
mental_07_2,心理抗压派,法国足球评论员,法国,法国|西班牙|英格兰,68,德尚宣布卸任激发全队凝聚力，13名新人首次参赛渴望证明自我，为恩师最后一战不可估量。,wc2026_aggregation.json
mental_07_3,心理抗压派,阿根廷足球观察者,阿根廷,阿根廷|巴西|葡萄牙,62,梅西38岁最后一届的使命感将激发超出8.16亿欧身价的战斗力，送别球王的集体意志是1962年来首个卫冕契机。,wc2026_aggregation.json
mental_08_1,心理抗压派,前荷兰国脚,阿根廷,阿根廷|法国|西班牙,62,荷兰无冕之王心魔太深，转而看好阿根廷凭卫冕经验+梅西最后一舞动力打破魔咒。,mental_08_predictions.json
mental_08_2,心理抗压派,前克罗地亚球员,克罗地亚,克罗地亚|阿根廷|法国,30,400万人口小国2018亚军2022季军，战火中走出的韧性DNA比身价更重要，莫德里奇最后一舞。,mental_08_predictions.json
mental_08_3,心理抗压派,前葡萄牙国脚,葡萄牙,葡萄牙|西班牙|法国,68,C罗41岁第六次参赛是史无前例的精神引擎，K组有利分组+双核中场让球队不再单点承压。,mental_08_predictions.json
mental_09_1,心理抗压派,体育精神导师,西班牙,西班牙|阿根廷|德国,78,西班牙系统性引入冥想和正念训练，亚马尔佩德里在高压下保持冷静，连续不败心理惯性难以打破。,wc2026_aggregation.json
mental_09_2,心理抗压派,前德国国脚,德国,德国|法国|西班牙,62,2014夺冠到2022出局后三年痛苦心理重建，穆西亚拉维尔茨新生代带着证明自己的心态出征。,wc2026_aggregation.json
mental_09_3,心理抗压派,南美足球文化学者,阿根廷,阿根廷|巴西|西班牙,71,阿根廷延续Libre para siempre自由足球哲学，38岁梅西享受比赛带领卫冕冠军，放松心态下魔咒反而成动力。,wc2026_aggregation.json
mental_10_1,心理抗压派,前巴西国脚,法国,法国|西班牙|阿根廷,72,巴西24年无冠的第六颗星压力+伤病压垮心态，法国德尚最后一届反而无包袱。,mental_10_predictions.json
mental_10_2,心理抗压派,前挪威国脚,阿根廷,阿根廷|法国|西班牙,68,哈兰德证明自我心态在死亡之组是毒药，梅西最后一舞心态最放松，经验决定高压表现。,mental_10_predictions.json
mental_10_3,心理抗压派,前墨西哥国脚,葡萄牙,葡萄牙|阿根廷|德国,65,东道主不输就行减压；C罗话题分散火力让葡萄牙年轻人无压力发挥，心理环境最宽松。,mental_10_predictions.json
model_01_1,建模派,量化金融分析师,西班牙,西班牙|法国|英格兰,72,蒙特卡洛模拟10000次tournament显示西班牙夺冠概率18.3%居首，FIFA第1+不败纪录+亚马尔有望恢复。,model_01_predictions.json
model_01_2,建模派,数据科学家,法国,法国|英格兰|西班牙,68,泊松分布显示法国场均期望进球2.1球居首，姆巴佩+登贝莱+奥利塞三叉戟火力超西班牙1.8球和英格兰1.7球。,model_01_predictions.json
model_01_3,建模派,前精算师,阿根廷,阿根廷|西班牙|法国,61,Elo评级+北美东道主加成后阿根廷大赛稳定性评分最高，模拟10000次夺冠概率16.8%显著高于博彩10.5%。,model_01_predictions.json
model_02_1,建模派,机器学习工程师,西班牙,西班牙|法国|英格兰,78,XGBoost在47维特征上训练1930年以来全部世界杯数据，5折AUC=0.84，输出西班牙夺冠概率22.3%居首。,wc2026_aggregation.json
model_02_2,建模派,统计学教授,法国,法国|西班牙|英格兰,72,贝叶斯先验取赔率隐含15.4%，纳入德尚谢幕战+13名新秀斗志加成似然比1.25，后验更新至19.2%。,wc2026_aggregation.json
model_02_3,建模派,前博彩量化分析师,巴西,巴西|阿根廷|葡萄牙,58,HMM将球队状态建模为隐藏变量，安切洛蒂执教带来战术跃迁概率+28%，修正夺冠概率至13.8%。,wc2026_aggregation.json
model_03_1,建模派,体育数据公司CTO,法国,法国|西班牙|英格兰,72,随机森林集成1000棵树综合四维度特征，法国14.8亿欧+I组最轻松出线路径，模型输出21.4%最高。,model_03_predictions.json
model_03_2,建模派,大学数学系教授,法国,法国|阿根廷|葡萄牙,65,逻辑回归赋予大赛经验最高权重，法国2018冠军2022亚军经验系数0.38为模型最高项。,model_03_predictions.json
model_03_3,建模派,前对冲基金量化研究员,西班牙,西班牙|法国|挪威,58,神经网络捕捉到西班牙24个月不败+亚马尔恢复训练的隐藏信号，真实胜率19.2%高于赔率16.7%。,model_03_predictions.json
model_04_1,建模派,足球游戏AI工程师,西班牙,西班牙|法国|阿根廷,78,FIFA游戏引擎模拟10万次，西班牙阵容深度94.7化学反应95.1均居首，量化巴西伤病和法国格里兹曼缺失影响。,model_04_predictions.json
model_04_2,建模派,运筹学专家,法国,法国|西班牙|阿根廷,72,动态规划优化淘汰赛路径，法国Group I的98.2%出线概率+14.8亿欧使路径期望值最大。,model_04_predictions.json
model_04_3,建模派,前NASA数据分析师,阿根廷,阿根廷|法国|德国,65,系统动力学追踪信心-表现正反馈回路，阿根廷系统超稳态突破1962年以来无人卫冕规律。,model_04_predictions.json
model_05_1,建模派,前谷歌数据科学家,法国,法国|西班牙|英格兰,78,Transformer将法国2018冠军+2022亚军序列编码为核心模式，注意力权重识别出身价与赔率间定价偏差。,model_05_predictions.json
model_05_2,建模派,风险管理顾问,葡萄牙,葡萄牙|法国|阿根廷,55,EVT极值模型显示葡萄牙+1100隐含8.3%被严重低估，C罗第六次参赛是历史唯一极端事件，应定价+700以内。,model_05_predictions.json
model_05_3,建模派,前FIFA数据官,西班牙,西班牙|法国|德国,75,FIFA官方技术评估模型中西班牙综合技术分最高，FIFA第1+不败+欧洲杯冠军三重指标叠加。,model_05_predictions.json
model_06_1,建模派,前AWS工程师,西班牙,西班牙|法国|英格兰,78,云计算并行模拟百万次，西班牙自2024年3月不败+1.27B阵容，蒙特卡洛夺冠期望值17.2%。,model_06_predictions.json
model_06_2,建模派,体育经济学家,法国,法国|西班牙|阿根廷,72,博弈论分析淘汰赛策略，德尚最后一舞激励兼容，贝叶斯纳什均衡真实胜率19.6%。,model_06_predictions.json
model_06_3,建模派,前微软研究院科学家,英格兰,英格兰|西班牙|葡萄牙,65,因果推断模型图赫尔换帅ATE+23%，1.31B阵容+温和小组赛因果路径指向英格兰被低估。,model_06_predictions.json
model_07_1,建模派,Kaggle竞赛冠军,西班牙,西班牙|法国|阿根廷,82,Stacking融合多层信号，西班牙FIFA#1+不败纪录+欧洲杯冠军综合得分最高，融合后夺冠概率21.4%。,model_07_predictions.json
model_07_2,建模派,前Uber数据科学家,法国,法国|西班牙|阿根廷,76,XGBoost GBM以身价为核心特征权重最高，法国14.8B阵容价值是决定性变量，模型输出19.8%。,model_07_predictions.json
model_07_3,建模派,体育数据产品经理,英格兰,英格兰|法国|西班牙,71,A/B测试将伤病因子作为显著性检验变量，法国5人伤病vs英格兰全员健康，实验组胜率提升23个百分点。,model_07_predictions.json
model_08_1,建模派,前Netflix推荐算法工程师,西班牙,西班牙|法国|阿根廷,78,协同过滤将西班牙与历史冠军模板特征匹配，FIFA第1+不败+亚马尔2.33亿欧与2010冠军版高度重合。,model_08_predictions.json
model_08_2,建模派,前Twitter数据科学家,法国,法国|西班牙|英格兰,72,混合模型情感分析捕捉德尚最后一届情绪爆发信号，情感+结构双模态融合后综合评分超越西班牙。,model_08_predictions.json
model_08_3,建模派,体育科技创业者,德国,德国|西班牙|葡萄牙,65,计算机视觉分析训练视频发现穆西亚拉维尔茨传球精度跑动效率在所有双核中最高，9.98亿欧训练质量转化率最优。,model_08_predictions.json
model_09_1,建模派,前OpenAI研究员,法国,法国|西班牙|葡萄牙,72,GPT-4对法国队更衣室文本情感分析，德尚最后一舞凝聚力指数0.87超过2022年夺冠时0.82。,wc2026_aggregation.json
model_09_2,建模派,前FIFA技术分析师,西班牙,西班牙|法国|德国,68,传控网络图模型显示西班牙中场三角传球网络中心度指数91.3全欧最高，网络冗余度显著优于法国。,wc2026_aggregation.json
model_09_3,建模派,前彭博量化分析师,德国,德国|西班牙|阿根廷,55,ARIMA状态趋势模型显示德国近18个月FIFA排名从第16升至第9，穆西亚拉+维尔茨进球贡献率时间序列斜率达峰值。,wc2026_aggregation.json
model_10_1,建模派,体育数据界德布罗意,德国,德国|西班牙|法国,62,QP-Wavelet模型显示德国被严重低估，波函数坍缩概率22.3%。穆西亚拉+维尔茨双核驱动，+1400非对称定价明显。,wc2026_aggregation.json
model_10_2,建模派,前麦肯锡数据顾问,西班牙,西班牙|法国|英格兰,78,麦肯锡7维加权评分模型西班牙87.6分领跑。FIFA#1 ESPN#1 不败 欧洲杯冠军，量化评分全面碾压。,wc2026_aggregation.json
model_10_3,建模派,足球数据极客,法国,法国|阿根廷|德国,65,手工Ensemble模型算出法国真实概率21.7%，赔率+550严重低估。身价14.8亿欧冠绝32强，德尚谢幕战动力因子+姆巴佩大赛基因构成超额收益。,wc2026_aggregation.json
